base_name,estimator,run_depth,best_epsilon,auc,ap,brier,logloss,n_targets
33gg,logreg,4,0.01,0.7734582290827424,0.7582500250460655,0.195698327287419,0.586900292886662,9.0
3clusters_3outliers,logreg,4,0.01,0.7594636235432977,0.735163192008587,0.2016125792117474,0.5946140510995814,20.0
44gg,logreg,4,0.005,0.7596014104959393,0.7226591952085576,0.2028401761251732,0.5988369794615453,12.0
55gg,logreg,4,0.01,0.7603722803687247,0.7349516972006935,0.2006148120781748,0.5926257203114569,15.0
base_menor,logreg,4,0.01,0.7733293162673238,0.7446937520857847,0.1968026788884855,0.5803383402338154,8.0
base_menor_2_grupos,logreg,4,0.005,0.7436659757347557,0.7352918043984559,0.2088288787926915,0.607463962413994,6.0
base_menor_2_grupos_s_o,logreg,4,0.005,0.7634427102291854,0.7403809641308685,0.1984511509195158,0.5843990423801542,5.0
spam_a,logreg,4,0.01,0.9933866666666668,0.9930584524108284,0.0306214704494127,0.1110817972672896,3.0
